repo_owner,repo_name,repo_branch,file_path,file_raw_url,repo_url,repo_created_at,repo_watchers,repo_stars,repo_forks,repo_is_archived,last_update_to_file,last_checked
"Bon-Appetit","porn-domains","master","wl-custom.txt","https://raw.githubusercontent.com/Bon-Appetit/porn-domains/master/wl-custom.txt","https://github.com/Bon-Appetit/porn-domains","2018-07-21T14:36:55Z","13","146","40","false","2023-12-07T18:00:51Z","2023-12-23T03:31:02Z"
"Bon-Appetit","porn-domains","master","wl-custom/https-www-ydoxy-com-most-visited-websites","https://raw.githubusercontent.com/Bon-Appetit/porn-domains/master/wl-custom/https-www-ydoxy-com-most-visited-websites","https://github.com/Bon-Appetit/porn-domains","2018-07-21T14:36:55Z","13","146","40","false","2023-11-14T14:50:54Z","2023-12-23T03:31:00Z"
"Bon-Appetit","porn-domains","master","wl-custom/https-www-visualcapitalist-com-ranking-the-top-100-websites-in-the-world","https://raw.githubusercontent.com/Bon-Appetit/porn-domains/master/wl-custom/https-www-visualcapitalist-com-ranking-the-top-100-websites-in-the-world","https://github.com/Bon-Appetit/porn-domains","2018-07-21T14:36:55Z","13","146","40","false","2023-11-14T14:50:54Z","2023-12-23T03:30:59Z"
"Bon-Appetit","porn-domains","master","wl-custom/https-www-similarweb-com-de-top-websites","https://raw.githubusercontent.com/Bon-Appetit/porn-domains/master/wl-custom/https-www-similarweb-com-de-top-websites","https://github.com/Bon-Appetit/porn-domains","2018-07-21T14:36:55Z","13","146","40","false","2023-11-14T14:50:54Z","2023-12-23T03:30:57Z"
"Bon-Appetit","porn-domains","master","wl-custom/https-www-semrush-com-blog-most-visited-websites","https://raw.githubusercontent.com/Bon-Appetit/porn-domains/master/wl-custom/https-www-semrush-com-blog-most-visited-websites","https://github.com/Bon-Appetit/porn-domains","2018-07-21T14:36:55Z","13","146","40","false","2023-11-14T14:50:54Z","2023-12-23T03:30:55Z"
"Bon-Appetit","porn-domains","master","wl-custom/https-trends-netcraft-com-topsites","https://raw.githubusercontent.com/Bon-Appetit/porn-domains/master/wl-custom/https-trends-netcraft-com-topsites","https://github.com/Bon-Appetit/porn-domains","2018-07-21T14:36:55Z","13","146","40","false","2023-11-14T14:50:54Z","2023-12-23T03:30:54Z"
"Bon-Appetit","porn-domains","master","wl-custom/https-moz-com-top500","https://raw.githubusercontent.com/Bon-Appetit/porn-domains/master/wl-custom/https-moz-com-top500","https://github.com/Bon-Appetit/porn-domains","2018-07-21T14:36:55Z","13","146","40","false","2023-11-14T14:50:54Z","2023-12-23T03:30:52Z"
"Bon-Appetit","porn-domains","master","wl-custom/https-en-wikipedia-org-wiki-list-of-most-visited-websites","https://raw.githubusercontent.com/Bon-Appetit/porn-domains/master/wl-custom/https-en-wikipedia-org-wiki-list-of-most-visited-websites","https://github.com/Bon-Appetit/porn-domains","2018-07-21T14:36:55Z","13","146","40","false","2023-11-14T14:50:54Z","2023-12-23T03:30:50Z"
"Bon-Appetit","porn-domains","master","wl-custom/https-dataforseo-com-top-1000-websites","https://raw.githubusercontent.com/Bon-Appetit/porn-domains/master/wl-custom/https-dataforseo-com-top-1000-websites","https://github.com/Bon-Appetit/porn-domains","2018-07-21T14:36:55Z","13","146","40","false","2023-11-14T14:50:54Z","2023-12-23T03:30:48Z"
"Bon-Appetit","porn-domains","master","wl-custom/https-ahrefs-com-blog-most-visited-websites","https://raw.githubusercontent.com/Bon-Appetit/porn-domains/master/wl-custom/https-ahrefs-com-blog-most-visited-websites","https://github.com/Bon-Appetit/porn-domains","2018-07-21T14:36:55Z","13","146","40","false","2023-11-14T14:50:54Z","2023-12-23T03:30:47Z"
